{
  "test": "T03_nn_precision_at_k",
  "overall": {
    "K_1": {
      "lift_mean": 0.10485769439903386,
      "lift_std": 0.4343343620568094,
      "ci_95": [
        0.09693469228032975,
        0.11090591888649348
      ],
      "hit_rate": 0.5948714114832536,
      "n_samples": 13376
    },
    "K_3": {
      "lift_mean": 0.0838950737933821,
      "lift_std": 0.31307241444775585,
      "ci_95": [
        0.07957520080822295,
        0.08756738459994412
      ],
      "hit_rate": 0.5995699139827966,
      "n_samples": 19996
    },
    "K_5": {
      "lift_mean": 0.07308478325175874,
      "lift_std": 0.2678637881240028,
      "ci_95": [
        0.07054900606508914,
        0.0768168719573479
      ],
      "hit_rate": 0.6009693053311793,
      "n_samples": 22284
    },
    "K_10": {
      "lift_mean": 0.057868999089819906,
      "lift_std": 0.21204005020135366,
      "ci_95": [
        0.05554181287040538,
        0.06045764843194456
      ],
      "hit_rate": 0.6018446082266233,
      "n_samples": 24287
    },
    "K_20": {
      "lift_mean": 0.043363546526529705,
      "lift_std": 0.16698869879370523,
      "ci_95": [
        0.0413049426248928,
        0.045367504359212454
      ],
      "hit_rate": 0.5973191405479992,
      "n_samples": 25365
    },
    "K_50": {
      "lift_mean": 0.026931051493570467,
      "lift_std": 0.11059870888255524,
      "ci_95": [
        0.025457343367667837,
        0.02842035257893131
      ],
      "hit_rate": 0.59,
      "n_samples": 25400
    }
  },
  "sic_baseline_mean_corr": 0.2401765534034979,
  "sae_top10_vs_sic": {
    "sae": 0.22230528083244575,
    "sic": 0.2444969758627253,
    "sae_wins": false
  },
  "n_company_years": 26679,
  "n_with_sic": 19207,
  "verdict": "PASS",
  "interpretation": "SAE nearest-neighbor retrieval shows positive lift over random baseline. Hit rate at K=10: 60.2%. SAE top-10 underperforms SIC baseline. Verdict: PASS"
}