{
  "theta_sweep": {
    "thresholds": [
      -5.095521,
      -5.026675,
      -4.95783,
      -4.888985,
      -4.82014,
      -4.751294,
      -4.682449,
      -4.613604,
      -4.544758,
      -4.475913,
      -4.407068,
      -4.338222,
      -4.269377,
      -4.200532,
      -4.131687,
      -4.062841,
      -3.993996,
      -3.925151,
      -3.856305,
      -3.78746,
      -3.718615,
      -3.649769,
      -3.580924,
      -3.512079,
      -3.443234,
      -3.374388,
      -3.305543,
      -3.236698,
      -3.167852,
      -3.099007,
      -3.030162,
      -2.961316,
      -2.892471,
      -2.823626,
      -2.75478,
      -2.685935,
      -2.61709,
      -2.548245,
      -2.479399,
      -2.410554,
      -2.341709,
      -2.272863,
      -2.204018,
      -2.135173,
      -2.066327,
      -1.997482,
      -1.928637,
      -1.859792,
      -1.790946,
      -1.722101,
      -1.653256,
      -1.58441,
      -1.515565,
      -1.44672,
      -1.377874,
      -1.309029,
      -1.240184,
      -1.171339,
      -1.102493,
      -1.033648
    ],
    "mc_values": [
      0.184416,
      0.191648,
      0.188073,
      0.181709,
      0.185713,
      0.172042,
      0.184835,
      0.199989,
      0.193638,
      0.207043,
      0.213627,
      0.233833,
      0.230097,
      0.239168,
      0.249251,
      0.271341,
      0.271714,
      0.276953,
      0.272045,
      0.267562,
      0.278614,
      0.275174,
      0.273174,
      0.287021,
      0.293972,
      0.294193,
      0.288156,
      0.301645,
      0.315192,
      0.329616,
      0.357965,
      0.362251,
      0.369713,
      0.369355,
      0.377501,
      0.373001,
      0.366463,
      0.365236,
      0.359933,
      0.355517,
      0.350196,
      0.349593,
      0.346819,
      0.335468,
      0.323327,
      0.312657,
      0.304754,
      0.300553,
      0.291861,
      0.286264,
      0.279459,
      0.275614,
      0.267091,
      0.252927,
      0.247167,
      0.234091,
      0.229019,
      0.228093,
      0.228735,
      0.219441
    ],
    "optimal_theta": -2.75478,
    "optimal_mc": 0.377501,
    "acl_theta": -2.7,
    "cv_near_optimal": 0.016165,
    "cv_classification": "stable",
    "n_thresholds": 60
  },
  "bootstrap": {
    "n_iterations": 10000,
    "methods": {
      "sae": {
        "mc": 0.358981,
        "ci_lower": 0.327674,
        "ci_upper": 0.415299,
        "z0": 0.63443,
        "a": -0.00683,
        "bootstrap_mean": 0.344215,
        "bootstrap_std": 0.023059
      },
      "sic": {
        "mc": 0.231085,
        "ci_lower": 0.217848,
        "ci_upper": 0.24587,
        "z0": 0.111525,
        "a": 0.005118,
        "bootstrap_mean": 0.230303,
        "bootstrap_std": 0.007135
      },
      "sbert": {
        "mc": 0.219345,
        "ci_lower": 0.210544,
        "ci_upper": 0.228068,
        "z0": 0.002256,
        "a": -0.006054,
        "bootstrap_mean": 0.219349,
        "bootstrap_std": 0.004479
      }
    },
    "deltas": {
      "sae_minus_sic": {
        "original_delta": 0.127896,
        "ci_lower": 0.096341,
        "ci_upper": 0.185529,
        "z0": 0.60136,
        "a": -0.006493,
        "p_value": 0.0
      },
      "sae_minus_sbert": {
        "original_delta": 0.139636,
        "ci_lower": 0.10948,
        "ci_upper": 0.194032,
        "z0": 0.647049,
        "a": -0.006905,
        "p_value": 0.0
      },
      "sae_minus_baseline": {
        "original_delta": 0.198081,
        "ci_lower": 0.166774,
        "ci_upper": 0.254399,
        "z0": 0.63443,
        "a": -0.00683,
        "p_value": 0.0
      }
    }
  },
  "random_baseline": {
    "n_iterations": 1000,
    "mean": 0.155463,
    "std": 0.012022,
    "min": 0.119174,
    "max": 0.194817
  },
  "train_test": {
    "train_years": "1996-2010",
    "test_years": "2011-2020",
    "train_optimal_theta": -2.672864,
    "train_mc": 0.359772,
    "test_mc": 0.404095,
    "gap": -0.044322
  }
}