{
  "scaler": "StandardScaler fit on all years (1996-2020)",
  "n_thresholds": 100,
  "thresholds": [
    -5.243062,
    -5.201065,
    -5.159067,
    -5.11707,
    -5.075072,
    -5.033075,
    -4.991078,
    -4.94908,
    -4.907083,
    -4.865085,
    -4.823088,
    -4.78109,
    -4.739093,
    -4.697096,
    -4.655098,
    -4.613101,
    -4.571103,
    -4.529106,
    -4.487109,
    -4.445111,
    -4.403114,
    -4.361116,
    -4.319119,
    -4.277122,
    -4.235124,
    -4.193127,
    -4.151129,
    -4.109132,
    -4.067135,
    -4.025137,
    -3.98314,
    -3.941142,
    -3.899145,
    -3.857147,
    -3.81515,
    -3.773153,
    -3.731155,
    -3.689158,
    -3.64716,
    -3.605163,
    -3.563166,
    -3.521168,
    -3.479171,
    -3.437173,
    -3.395176,
    -3.353179,
    -3.311181,
    -3.269184,
    -3.227186,
    -3.185189,
    -3.143192,
    -3.101194,
    -3.059197,
    -3.017199,
    -2.975202,
    -2.933205,
    -2.891207,
    -2.84921,
    -2.807212,
    -2.765215,
    -2.723217,
    -2.68122,
    -2.639223,
    -2.597225,
    -2.555228,
    -2.51323,
    -2.471233,
    -2.429236,
    -2.387238,
    -2.345241,
    -2.303243,
    -2.261246,
    -2.219249,
    -2.177251,
    -2.135254,
    -2.093256,
    -2.051259,
    -2.009262,
    -1.967264,
    -1.925267,
    -1.883269,
    -1.841272,
    -1.799274,
    -1.757277,
    -1.71528,
    -1.673282,
    -1.631285,
    -1.589287,
    -1.54729,
    -1.505293,
    -1.463295,
    -1.421298,
    -1.3793,
    -1.337303,
    -1.295306,
    -1.253308,
    -1.211311,
    -1.169313,
    -1.127316,
    -1.085319
  ],
  "mc_values": [
    0.184416,
    0.181016,
    0.191893,
    0.187686,
    0.187032,
    0.181952,
    0.181059,
    0.185853,
    0.186222,
    0.169945,
    0.170074,
    0.191406,
    0.193874,
    0.195514,
    0.197264,
    0.20556,
    0.213464,
    0.212848,
    0.226264,
    0.227514,
    0.231524,
    0.231687,
    0.239075,
    0.24992,
    0.260369,
    0.267949,
    0.281892,
    0.272914,
    0.277189,
    0.274559,
    0.271297,
    0.272049,
    0.274142,
    0.284656,
    0.276562,
    0.273559,
    0.284982,
    0.276638,
    0.293294,
    0.282228,
    0.288517,
    0.302013,
    0.294492,
    0.286538,
    0.287358,
    0.299994,
    0.307946,
    0.315887,
    0.326055,
    0.33905,
    0.350558,
    0.360027,
    0.362712,
    0.369863,
    0.37111,
    0.368248,
    0.372603,
    0.376384,
    0.374626,
    0.372191,
    0.370156,
    0.367736,
    0.367053,
    0.362271,
    0.35989,
    0.35789,
    0.352392,
    0.349907,
    0.346935,
    0.35052,
    0.350157,
    0.342525,
    0.336602,
    0.327802,
    0.322924,
    0.320521,
    0.309168,
    0.306875,
    0.305943,
    0.302202,
    0.294887,
    0.287465,
    0.286674,
    0.279548,
    0.278422,
    0.278136,
    0.272539,
    0.267979,
    0.260031,
    0.252183,
    0.247721,
    0.241866,
    0.236286,
    0.233426,
    0.230498,
    0.232639,
    0.229472,
    0.226584,
    0.237532,
    0.219441
  ],
  "optimal_theta": -2.84921,
  "optimal_mc": 0.376384,
  "acl_theta": -2.7,
  "mc_at_acl_theta": 0.367073,
  "ratio_acl_to_optimal": 0.97526,
  "note": "Diagnostic only. Clusters re-derived from cosine similarity matrix, not ACL pre-computed labels."
}