{
  "placebo_committed_K20": {
    "n_trials": 100,
    "mean_monthly_return": 0.001493531284452008,
    "std_monthly_return": 0.0003755991228034576,
    "sharpe_ratios": [
      0.3803315450356225,
      0.38111048300634237,
      0.20625623640091828,
      0.2797257611020714,
      0.40112831954689615,
      0.38614641975754377,
      0.4314930183006621,
      0.38126412231913864,
      0.3133564108508861,
      0.5219438896157643,
      0.1672047338378535,
      0.4292042858390412,
      0.34887942219746987,
      0.41727947980501556,
      0.23988939576045604,
      0.39052367224960627,
      0.28194698963274534,
      0.3054268640044296,
      0.3625255189096975,
      0.3120450279375829,
      0.35797362098066027,
      0.4033185467163258,
      0.33904422034116105,
      0.3751600773455805,
      0.28288771361202925,
      0.30959534967603997,
      0.39395703179706154,
      0.30784522396441133,
      0.4030082854838863,
      0.48475405527978693,
      0.2481515167888443,
      0.3158660772678303,
      0.46886256315866237,
      0.32509886292788726,
      0.5251292234019036,
      0.1836994884609057,
      0.1335191845034341,
      0.37664339847702377,
      0.3603139288351601,
      0.2699660237123567,
      0.4649991463624222,
      0.3965220226240855,
      0.3242316258618468,
      0.3457971457600413,
      0.4570069799812643,
      0.4384441740541984,
      0.39642490595323654,
      0.3332514689982253,
      0.3325363167990238,
      0.2544977969076185,
      0.2193049055186334,
      0.5211289085461309,
      0.34964461922501516,
      0.3427439188146643,
      0.28314882145123993,
      0.19644526124179376,
      0.38654507763182605,
      0.1565192681748552,
      0.2631698013238263,
      0.41926240604473386,
      0.3395563632906938,
      0.34612070049139004,
      0.34253584910334556,
      0.4180602912749273,
      0.28514872332127256,
      0.33843687708216746,
      0.34125997889317056,
      0.43194844707475244,
      0.17545529047987488,
      0.26549167655478295,
      0.4478677948085644,
      0.41257455810882177,
      0.37107886407630475,
      0.4385661339103317,
      0.32913229543826683,
      0.2682682145354207,
      0.3754647190139086,
      0.2536920456255704,
      0.1885903123409691,
      0.40883050301141866,
      0.2435142948617051,
      0.2903667861930688,
      0.34502196601914553,
      0.24197208740083678,
      0.1935080386840942,
      0.32728379759090825,
      0.26306485102932875,
      0.22329040759776136,
      0.40107638813298896,
      0.36918829058015157,
      0.3288628953252404,
      0.2753803275580893,
      0.295231808045958,
      0.34481733425508404,
      0.23414716003307035,
      0.2612811942031002,
      0.2716702248319067,
      0.3403494070564501,
      0.4049004256311982,
      0.42732362115036615
    ],
    "mean_sharpe": 0.3354443150473178,
    "std_sharpe": 0.08405505728400632,
    "p5_sharpe": 0.18834577114696593,
    "p95_sharpe": 0.4651923172022342
  },
  "placebo_conditional_K20_2.0sig_4.0stop": {
    "n_trials": 100,
    "mean_monthly_return": -0.06968204607358737,
    "std_monthly_return": 0.0008356569051118751,
    "sharpe_ratios": [
      -2.1136212350772356,
      -2.163770870218746,
      -2.1480194832595343,
      -2.189930258624449,
      -2.1618453632111683,
      -2.256321711141694,
      -2.1487435211262,
      -2.1488429907918207,
      -2.1497043578918555,
      -2.171978047513649,
      -2.190908697176253,
      -2.259622125161604,
      -2.154466689499173,
      -2.1798550142962902,
      -2.197212206335341,
      -2.1591771477416817,
      -2.2300043011769146,
      -2.16662603855975,
      -2.1452855501747488,
      -2.134941926905032,
      -2.1697224395817982,
      -2.1703430401598873,
      -2.175565564197642,
      -2.1431491903081263,
      -2.147155298530899,
      -2.1532950407526976,
      -2.1492604918092373,
      -2.164332986901403,
      -2.157867830513354,
      -2.228304732499899,
      -2.116425247770324,
      -2.2372856511878587,
      -2.1726219956279342,
      -2.1118532780254737,
      -2.1766455475247075,
      -2.1784853366185972,
      -2.2166752704886408,
      -2.132890872872051,
      -2.2021604412698057,
      -2.152907852970383,
      -2.1820280188961325,
      -2.1912667808933444,
      -2.1432481373663577,
      -2.181362734785953,
      -2.1178842915542067,
      -2.12608756420139,
      -2.1795628496357704,
      -2.123103279507992,
      -2.174085181122894,
      -2.135428801598456,
      -2.12910714173048,
      -2.1615431649082573,
      -2.206463944625039,
      -2.1678641381249206,
      -2.1327533788910458,
      -2.1337277836961173,
      -2.128997866221427,
      -2.1418635129153434,
      -2.2079720287638174,
      -2.1133044426319607,
      -2.1568980597218643,
      -2.184429513374424,
      -2.1924388103570194,
      -2.139696424039579,
      -2.14751059274289,
      -2.160542621005356,
      -2.1617363767824336,
      -2.2112969233313096,
      -2.1823119337188777,
      -2.191840686497783,
      -2.173655048526184,
      -2.123319456054822,
      -2.096274829462277,
      -2.247455552983321,
      -2.217759182958153,
      -2.1106773469768436,
      -2.145427682537055,
      -2.108130036089199,
      -2.1668581221240015,
      -2.2105895046149966,
      -2.263916620053318,
      -2.205324512677413,
      -2.1095908834914714,
      -2.1674295222067648,
      -2.1955848869737147,
      -2.1967140603039037,
      -2.0920173334888914,
      -2.1373007481137947,
      -2.165284964666243,
      -2.188157109788857,
      -2.1759808178579636,
      -2.0968630092829974,
      -2.20321421651824,
      -2.154407775112252,
      -2.2177469636905327,
      -2.1134467431140798,
      -2.153360865512229,
      -2.1393381184434928,
      -2.1213654389627967,
      -2.1465279330911162
    ],
    "mean_sharpe": -2.164779019148132,
    "std_sharpe": 0.0372047480119557,
    "p5_sharpe": -2.230368368677462,
    "p95_sharpe": -2.110623023802575
  }
}