{
  "test": "2a_01_walkforward_pca_diagnostic",
  "description": "Walk-forward PCA stability test: does temporal PCA preserve SAE re-ranking lift?",
  "config": {
    "n_components": 4000,
    "n_features_keep": 8000,
    "n_features_filtered": 8000,
    "n_features_raw": 131072,
    "feature_selection": "top_by_variance",
    "global_pca_variance": 0.999572217464447,
    "test_years": [
      2002,
      2005,
      2010,
      2015,
      2018
    ],
    "k_values": [
      1,
      3,
      5,
      10
    ],
    "n_random_trials": 100,
    "min_peers": 5,
    "seed": 42,
    "n_companies_total": 27722
  },
  "years": {
    "2002": {
      "n_train": 6465,
      "n_test": 852,
      "n_sic2_groups": 39,
      "n_companies": 768,
      "n_cosine_pairs": 32430,
      "wf_pca_variance": 0.9999935030937195,
      "wf_pca_components": 4000,
      "spearman_wf_vs_global": {
        "rho": 0.9851609970403646,
        "p_value": 0.0
      },
      "sanity_recomputed_vs_precomputed": {
        "rho": 0.9064844051210319,
        "p_value": 0.0,
        "n_pairs": 32430
      },
      "precision_at_k": {
        "K_1": {
          "n_samples": 768,
          "walkforward": {
            "topk_mean_corr": 0.2959783273410464,
            "lift": 0.042126640941906886,
            "lift_ci_95": [
              0.022766138207286884,
              0.061259307174037214
            ],
            "hit_rate": 0.5885416666666666
          },
          "global": {
            "topk_mean_corr": 0.29242106986532196,
            "lift": 0.03856938346618249,
            "lift_ci_95": [
              0.019382362993255863,
              0.05701427980973874
            ],
            "hit_rate": 0.5859375
          },
          "random_baseline_corr": 0.2538516863991395,
          "lift_preservation_ratio": 1.092230083969151
        },
        "K_3": {
          "n_samples": 768,
          "walkforward": {
            "topk_mean_corr": 0.2900494151525857,
            "lift": 0.03566249694457499,
            "lift_ci_95": [
              0.024798759005867373,
              0.04626173211699211
            ],
            "hit_rate": 0.6158854166666666
          },
          "global": {
            "topk_mean_corr": 0.2888887776589103,
            "lift": 0.03450185945089963,
            "lift_ci_95": [
              0.023597810429080365,
              0.04486391475265561
            ],
            "hit_rate": 0.61328125
          },
          "random_baseline_corr": 0.2543869182080107,
          "lift_preservation_ratio": 1.0336398533918754
        },
        "K_5": {
          "n_samples": 768,
          "walkforward": {
            "topk_mean_corr": 0.28357350598656966,
            "lift": 0.029176290322180942,
            "lift_ci_95": [
              0.02101554932438175,
              0.03730684312478166
            ],
            "hit_rate": 0.5859375
          },
          "global": {
            "topk_mean_corr": 0.28077411313672457,
            "lift": 0.026376897472335875,
            "lift_ci_95": [
              0.018398600664148813,
              0.03450296396522862
            ],
            "hit_rate": 0.5833333333333334
          },
          "random_baseline_corr": 0.2543972156643887,
          "lift_preservation_ratio": 1.1061304822821212
        },
        "K_10": {
          "n_samples": 650,
          "walkforward": {
            "topk_mean_corr": 0.2695705768930006,
            "lift": 0.021577902349623104,
            "lift_ci_95": [
              0.015705220029468215,
              0.02760533200577626
            ],
            "hit_rate": 0.5984615384615385
          },
          "global": {
            "topk_mean_corr": 0.2687677578926186,
            "lift": 0.020775083349241084,
            "lift_ci_95": [
              0.014924875063042653,
              0.02680293130819079
            ],
            "hit_rate": 0.58
          },
          "random_baseline_corr": 0.2479926745433775,
          "lift_preservation_ratio": 1.038643358820091
        }
      }
    },
    "2005": {
      "n_train": 9107,
      "n_test": 909,
      "n_sic2_groups": 43,
      "n_companies": 823,
      "n_cosine_pairs": 36748,
      "wf_pca_variance": 0.9999493360519409,
      "wf_pca_components": 4000,
      "spearman_wf_vs_global": {
        "rho": 0.9978575973546487,
        "p_value": 0.0
      },
      "sanity_recomputed_vs_precomputed": {
        "rho": 0.9000632146953699,
        "p_value": 0.0,
        "n_pairs": 36748
      },
      "precision_at_k": {
        "K_1": {
          "n_samples": 823,
          "walkforward": {
            "topk_mean_corr": 0.2353405105413081,
            "lift": 0.02669448733574576,
            "lift_ci_95": [
              0.007549925021765317,
              0.04625002244439088
            ],
            "hit_rate": 0.5565006075334143
          },
          "global": {
            "topk_mean_corr": 0.23585480113193788,
            "lift": 0.027208777926375532,
            "lift_ci_95": [
              0.008000383553226006,
              0.04651922137428156
            ],
            "hit_rate": 0.5577156743620899
          },
          "random_baseline_corr": 0.20864602320556236,
          "lift_preservation_ratio": 0.9810983575954276
        },
        "K_3": {
          "n_samples": 823,
          "walkforward": {
            "topk_mean_corr": 0.22854688528965642,
            "lift": 0.019499508887554338,
            "lift_ci_95": [
              0.009144500828117793,
              0.030224591184980342
            ],
            "hit_rate": 0.5577156743620899
          },
          "global": {
            "topk_mean_corr": 0.22851873556419353,
            "lift": 0.01947135916209143,
            "lift_ci_95": [
              0.009098914453838852,
              0.029868377011389523
            ],
            "hit_rate": 0.5577156743620899
          },
          "random_baseline_corr": 0.20904737640210208,
          "lift_preservation_ratio": 1.0014456990510303
        },
        "K_5": {
          "n_samples": 823,
          "walkforward": {
            "topk_mean_corr": 0.22910034330473708,
            "lift": 0.02025632676337413,
            "lift_ci_95": [
              0.012524273983704846,
              0.028313920692631292
            ],
            "hit_rate": 0.5577156743620899
          },
          "global": {
            "topk_mean_corr": 0.22876672653254213,
            "lift": 0.019922709991179174,
            "lift_ci_95": [
              0.012035258865520917,
              0.027557724032552636
            ],
            "hit_rate": 0.5589307411907655
          },
          "random_baseline_corr": 0.20884401654136295,
          "lift_preservation_ratio": 1.0167455518020723
        },
        "K_10": {
          "n_samples": 704,
          "walkforward": {
            "topk_mean_corr": 0.22592826999001608,
            "lift": 0.01547592560096269,
            "lift_ci_95": [
              0.009345158494787358,
              0.021607334434999514
            ],
            "hit_rate": 0.5752840909090909
          },
          "global": {
            "topk_mean_corr": 0.22576247272154182,
            "lift": 0.015310128332488399,
            "lift_ci_95": [
              0.008999895654396324,
              0.02179035130605119
            ],
            "hit_rate": 0.5710227272727273
          },
          "random_baseline_corr": 0.2104523443890534,
          "lift_preservation_ratio": 1.0108292539992931
        }
      }
    },
    "2010": {
      "n_train": 14641,
      "n_test": 1221,
      "n_sic2_groups": 49,
      "n_companies": 1151,
      "n_cosine_pairs": 67264,
      "wf_pca_variance": 0.9998262524604797,
      "wf_pca_components": 4000,
      "spearman_wf_vs_global": {
        "rho": 0.9981323029980224,
        "p_value": 0.0
      },
      "sanity_recomputed_vs_precomputed": {
        "rho": 0.8764270363499811,
        "p_value": 0.0,
        "n_pairs": 67264
      },