{
  "n_trials": 100,
  "primary_variant": "analog_K5_simweight",
  "real_sharpe": -0.2066,
  "placebo_sharpes": [
    0.29544,
    -0.227506,
    0.114484,
    -0.120101,
    -0.105977,
    0.387439,
    -0.009446,
    -0.087134,
    0.193189,
    -0.294104,
    -0.191686,
    -0.050809,
    -0.1858,
    0.173743,
    0.282495,
    0.107833,
    0.180969,
    -0.079232,
    -0.143224,
    0.12117,
    0.292198,
    -0.025168,
    0.266101,
    -0.239951,
    -0.063458,
    -0.331288,
    0.116508,
    0.029079,
    0.050145,
    -0.014385,
    0.159944,
    0.125677,
    0.263272,
    0.00798,
    0.194263,
    0.017764,
    -0.064048,
    -0.181277,
    0.024097,
    0.044085,
    -0.296415,
    0.283646,
    0.261257,
    -0.202992,
    0.05597,
    0.337208,
    0.100612,
    -0.401295,
    0.167497,
    -0.187316,
    0.32218,
    0.151121,
    -0.133982,
    0.06902,
    -0.1491,
    -0.008407,
    0.047812,
    0.275395,
    0.196739,
    0.25697,
    -0.168714,
    -0.249396,
    0.311992,
    0.200332,
    -0.110944,
    -0.157978,
    0.017973,
    0.049915,
    -0.034814,
    -0.210608,
    0.318248,
    -0.052125,
    0.129364,
    -0.191044,
    0.071094,
    -0.358278,
    -0.005538,
    -0.099802,
    0.200654,
    -0.200261,
    -0.014472,
    -0.039646,
    -0.026448,
    0.05996,
    -0.029315,
    0.087681,
    -0.130297,
    0.182908,
    -0.129322,
    -0.034222,
    0.006758,
    0.019879,
    -0.023781,
    0.253878,
    0.022073,
    -0.043318,
    0.237755,
    -0.095987,
    0.418155,
    0.121868
  ],
  "placebo_mean_sharpe": 0.024834,
  "placebo_std_sharpe": 0.181259,
  "placebo_p5": -0.251631,
  "placebo_p95": 0.312305,
  "percentile_rank": 9.0,
  "passes_95th": false
}